Designator,Footprint,Quantity,Value,LCSC Part #
"_5, _4, _3, _2, ",,5,,
C1,0603,1,0.1u,
C2,0603,1,1u,
C3,0603,1,0.1u,
C4,0603,1,0.1u,
C5,0603,1,0.1u,
C6,0603,1,0.1u,
C7,0603,1,4.7u,
D1,0603,1,RED,
"D10, D11, D12, D13, D14, D15, D16, D17, D18, D19, D20, D21, D22, D23, D24, D25, D26, D27, D28, D29, D30, D31, D32, D33, D34, D35, D4, D5, D6, D7, D8, D9",D3_SMD_v2,32,D_Small,
D2,0603,1,GREEN,
D3,0603,1,BLUE,
"D36, D37, D38, D39, D40, D41, D42, D43, D44, D45, D46, D47, D48, D49, D50, D51, D52, D53, D54, D55, D56, D57, D58, D59, D60, D61, D62, D63, D64, D65, D66, D67",YS-SK6812MINI-E,32,SK6812MINI,
J1,HRS_CX70M-24P1,1,USB_C_Receptacle,
J2,MJ-4PP-9_1side,1,MJ-4PP-9,
J3,OLED_v2,1,OLED,
J4,PinSocket_1x07_P2.54mm_Vertical,1,SPI,
R1,0603,1,5.1k,
R10,0603,1,10k,
R11,0603,1,10k,
R2,0603,1,5.1k,
R3,0603,1,22,
R4,0603,1,22,
R5,0603,1,1k,
R6,0603,1,10k,
R7,0603,1,10k,
R8,0603,1,1k,
R9,0603,1,1k,
SW1,ResetSW_1side,1,SW_PUSH,
"SW10, SW11, SW12, SW13, SW14, SW15, SW16, SW17, SW18, SW19, SW2, SW20, SW21, SW22, SW23, SW24, SW25, SW26, SW27, SW28, SW29, SW3, SW30, SW31, SW32, SW33, SW4, SW5, SW6, SW7, SW8, SW9",ChocV1_V2_Hotswap,32,SW_PUSH-kbd,
U1,QFN-44-1EP_7x7mm_P0.5mm_EP5.2x5.2mm,1,ATMEGA32U4,
X1,OSC_CSTNE16M0V530000R0,1,CSTNE16M0V530000R0,
